날짜	수업 사례	유형
2025.06.09	학교 폭력 예방 규칙 만들기	
2025.07.02	올바른 우리말 영상	
2025.07.14	버들이를 사랑한 죄	
2025.07.15	왕가리 마타이 소개 영상	
2025.09.01	인천 선언 10주년 기념	
2025.09.09	우리반 영화만들기	
2025.11.21	위닉스 공모전	
2025.11.26	졸업 기념 컵 만들기	
2025.12.05	미래엔 영상제	
2025.12.22	제1회 국제토론공모전	
2025.12.23	긴긴밤 영상 동화	
2025.12.30	베티주니어 산출물	
2026.01.16	6학년 4반 졸업 메시지	
2025	부모님이 좋아하는 노래	
2025	세계 여행상품 만들기	
2025	수학 기약 분수 찾기	
2025	스포츠 설명하기	
2025	양평 의병 콘텐츠 공모전	
2025	제103회 동시쓰기 대회	
2025	졸업 축하해	
2026.01	졸업식 PPT	
2025	최지수 선생님 응원 영상	
2025	캡컷 이미지	
2025	파워포인트 자료	
2025	포켓몬스터 골드	
웹앱 제작	GitHub Pages에 처음 공개하기	
웹앱 제작	계산기에서 테트리스로 방향 바꾸기	
검증	계산기의 eval을 발견하고 다시 설계	
게임 제작	스네이크 게임	
게임 제작	레이싱 게임	
게임 제작	균형 잡기 게임	
게임 제작	추석 기억 게임	
게임 제작	다마고치	
학급 도구	짝꿍 뽑기	
게임 제작	클릭 속도 테스트	
서비스 규칙	오늘의 운세	
개인 프로젝트	모바일 명함	
AI 개념	마르코프 가위바위보	
AI 개념	유전 알고리즘 비밀번호 찾기	
AI 개념	k-NN 사과 분류기	
AI 개념	Naive Bayes 문장·스팸 분류기	
